tokenId,name,image_url,json_url,size,relatedProject,creator,maxClaimed,price,EXP,RevealDate
100001,Creditcards,https://www.arweave.net/fL5P7PaAQ-0_nL8Dm4CyY7r8uXSAwdLQ8bPx9IMpsVE?ext=png,https://www.arweave.net/aBoqnGO-1dLClpiaJ0G4eQqOyMnYKCFd4W3cLKBDJpU,"[1,1,1]",,eBoy,9999999999,1,0,2022/11/11
100002,Verification,https://www.arweave.net/LOlFYBE4C2agrsLubdx9Ah_YotSjAFda9FNx_B_eIBM?ext=png,https://www.arweave.net/9kJQkfe3a04Yvz1-tkAESO_fKH3fohLv9Vw8QKm-ciU,"[1,1,1]",,eBoy,9999999999,1,0,2022/11/11
100003,Red Candle,https://www.arweave.net/bs-HSwuac_MhWfu7N51XfPUERulhOlFn4bkx9HtIWsc?ext=png,https://www.arweave.net/ghsmM1EEKXY0fSveL3KoCC3A0_SWdQBDlUHfNlL60SQ,"[1,1,2]",,eBoy,9999999999,1,0,2022/11/11
100004,Green Candle,https://www.arweave.net/Xzbc7-UgtmHVJ3pYbpZDDwHMLqsT_sPkw791nvqxz2k?ext=png,https://www.arweave.net/vCBJxSQECM00uzcDpxXRsCQ5O1H3eGC1h3P8iUrmSZE,"[1,1,2]",,eBoy,9999999999,1,0,2022/11/11
100005,Piggy Bank Pink,https://www.arweave.net/NNPZJcBW-QoTZdp7fZYQhDsO4_QjyDiZVyZrWWNlfa4?ext=png,https://www.arweave.net/74zE7ekInN8x6WXJYRczfZQjGK3pKOCCGwAlbiKX3uA,"[1,1,2]",,eBoy,9999999999,3,0,2022/11/11
100006,Piggy Bank Blue,https://www.arweave.net/rStjRQJMTINXXrs32vBXJeM7V_U1NriVLUoGIAMPf24?ext=png,https://www.arweave.net/HjwdWZgt2itNTjw-LlyrdUZhtkp0KzZKPVR0tQx0xnw,"[1,1,2]",,eBoy,9999999999,3,0,2022/11/11
100101,Container Set 4,https://www.arweave.net/5miXcCJXBIyEY4ED_ApDRLZalvRaJIh6lnyl_xLP1E8?ext=png,https://www.arweave.net/DoIkgNkVt4hh2PD0Mf8gIZYzYoeL-mPskAfnRAqDhOM,"[1,1,2]",,eBoy,9999999999,1,0,2022/11/11
100111,Black Truck,https://www.arweave.net/yEqmQP09WxMvkp2jGgOc26fySgq1LgshdVdfrw4qzqE?ext=png,https://www.arweave.net/qrH4saZK5OocB397AfjhsFnb6ooYIXIwLuzbThOyfIA,"[1,1,1]",,eBoy,9999999999,3,0,2022/11/11
100112,Red Truck,https://www.arweave.net/HjCBVHFyrBHfpSHn5l1JjgGrfs1UGFk1H9pMLxgMm_Y?ext=png,https://www.arweave.net/ifh5jlxH3kMS12HXXpPi4pgXxzzp2askpVPH8yVZ57c,"[1,1,1]",,eBoy,9999999999,3,0,2022/11/11
100113,Rusty Truck,https://www.arweave.net/ZZ_c_FCYYcZa0SSPsbv1JWEAbzOMUsgfaBoXh6t9_u8?ext=png,https://www.arweave.net/0QKMiYcebS0MBUpUKrMAFQ8iar-GisyG1o01zfNSU_E,"[1,1,1]",,eBoy,9999999999,3,0,2022/11/11
100114,White Truck,https://www.arweave.net/Nc_pAr4BBj98vV8zT8jlQZbDIP-dgRQ3J0fVGcCQRpY?ext=png,https://www.arweave.net/cWl7e4u8Q2GepT5YMnxrbJw5yaD5KsFQmixYShuMB_Y,"[1,1,1]",,eBoy,9999999999,3,0,2022/11/11
100121,Blank Short Trailer,https://www.arweave.net/uK73EkXTRN1PQ5zx9pLfvNqnHGWjX5ce03VpWPRYL2Y?ext=png,https://www.arweave.net/NtRtGFS7LXO3CDjg_D-1Jy4xY2lC8SbmcTbHRkWxRHE,"[1,1,1]",,eBoy,9999999999,1,0,2022/11/11
100122,Blank Trailer,https://www.arweave.net/2vwtd6ZcnT-G7RMJ4AjsB9M5-8v_aDCCMBdEgLKSNb0?ext=png,https://www.arweave.net/tDj6GZ5czTGmSQEW9HyFsgpKUi22s_S0fJAaTNbcX4o,"[1,2,1]",,eBoy,9999999999,2,0,2022/11/11
100123,Speaker Trailer,https://www.arweave.net/oeLIODQ3ySc4FHeDsqdG6_j_bf1RZQIS9S3ChZ9BUCg?ext=png,https://www.arweave.net/pCzKstKnoWFpjMeohhC9TOO6Inav1crAovlLAn0-Xv0,"[1,1,2]",,eBoy,9999999999,3,0,2022/11/11
100201,Heatmap Billboard,https://www.arweave.net/mK2X2Hf1tkI0Yc0Y1NMZOcWKDTrWPWH1OfdTPvB-whU?ext=png,https://www.arweave.net/tgBoGerg86pytPrlvt8KI-s1MsVfZcahckydYdLEmh0,"[1,3,3]",,eBoy,9999999999,5,0,2022/11/11
100202,Billboard GM Sun,https://www.arweave.net/otaC-ChR1iM_kIlZEL9FBqfydIRyh0ma1IvzxN0SuB8?ext=png,https://www.arweave.net/Hdq6ICMXZm9FWTXl42ogLsmvAn0A6V9yMtnTsNcLR3I,"[4,1,4]",,eBoy,9999999999,8,0,2022/11/11
100203,WAGMI Billboard,https://www.arweave.net/9pB5_4S6bKUcanesnk9iyFocm0BC34vTZxPeN9krius?ext=png,https://www.arweave.net/Ka-IH-ieFvhBgOEb4jrniCPmGb4iNAsFtWTAzXQeb18,"[1,2,3]",,ta2nb,9999999999,5,0,2022/11/11
100204,FUD Billboard,https://www.arweave.net/d5IT2p02LlcZSkqwqli7Su2qT5P4pYTHmRZ1XnFe8vk?ext=png,https://www.arweave.net/ef9e2TGurqwc8W1YgRggLqc3YydnZoPL1Qo7MMmUNFU,"[1,3,3]",,eBoy,9999999999,5,0,2022/11/11
100211,Billboard Backside 1,https://www.arweave.net/LrI5C25DzA8PkgeaE0XAHHKzqsYpf_MfbxDiYbMj-W8?ext=png,https://www.arweave.net/Ljp9X8dOOMjR56ksQ0I5fKKbv_Wcbf786LzcU6bQYSc,"[1,3,3]",,eBoy,9999999999,3,0,2022/11/11
100212,Billboard Backside 2,https://www.arweave.net/o_xOS5d1gfBWV7WRwnIfOZWZ2GjIhs7ms5ILCnYOlBc?ext=png,https://www.arweave.net/T8ognW_H0tk0KmVIcpn2YMkZINU-mhHz9fXcZUU0XJU,"[1,3,3]",,eBoy,9999999999,3,0,2022/11/11
100213,Billboard Backside 3,https://www.arweave.net/enM64QbQkkYFD5HIRWe1QF9DmrEOCaI1HKtA1mDVZts?ext=png,https://www.arweave.net/9DqnjwOAm6CeFX4DMKpZyNtoHcJFmFqGfFqw3o_isdQ,"[1,3,3]",,eBoy,9999999999,3,0,2022/11/11
100221,PHI Traffic Sign 1,https://www.arweave.net/by-oJZGguKhzrTIOlT8jgA6JoSgdjg-GwLtNHn8pBEM?ext=png,https://www.arweave.net/LLXWTteH8-UteQdCQl_oANGtAM2Q8GoW16gDoOljhO4,"[1,1,2]",,eBoy,9999999999,1,0,2022/11/11
100222,PHI Traffic Sign 2,https://www.arweave.net/Y7SSILsrofRCReQAB9T1OXnfm-qkOaUWsfb8XaYWzLs?ext=png,https://www.arweave.net/BHv5KhIZE3EJj0ha149ZulXx9V3pmxpF-gSrshpM7ow,"[1,1,2]",,eBoy,9999999999,1,0,2022/11/11
100223,Buy Sign,https://www.arweave.net/PwSTUjVQ5tFO06U4AxEBdVP7pKg9l54ltRUkqo_cfsM?ext=png,https://www.arweave.net/US-tsLi_Q4eeEFhGRv54pFHvhWCwSS-cOdTyYntWMZk,"[1,1,2]",,eBoy,9999999999,1,0,2022/11/11
100224,Sell Sign,https://www.arweave.net/q8O_r5izrSd7-h2FkPbNdR-dClOA_sOmDcroHm5Zr6I?ext=png,https://www.arweave.net/JAmPMs_C3ogL1nXfzwizFVFwpA_ccS6sFJXYn3uZziw,"[1,1,2]",,eBoy,9999999999,1,0,2022/11/11
100225,GM Sign,https://www.arweave.net/obwz6G9J8Z2q_AgUWNX0RZi13pt8mpO5iykNApYho4U?ext=png,https://www.arweave.net/Umj-hjRh7D94o9RTE8IVOWv1BJFSvqcnBMhT1BAFWrY,"[1,1,2]",,eBoy,9999999999,1,0,2022/11/11
100301,PHI Chopper EasyRider,https://www.arweave.net/yd8drFMZE7wCxG8kVn9qQzEEI-UXhr56GHC9BtFwF-0?ext=png,https://www.arweave.net/kuU2WEmQO2G7obhICtF1V9jANinXT5gP7HHvuGscmFo,"[1,2,1]",,eBoy,9999999999,2,0,2022/11/11
100302,PHI Chopper StripesRider,https://www.arweave.net/vKX_N36gxKwsPon-Npn79DiOJDr7dAq_zvEQojkCSQQ?ext=png,https://www.arweave.net/w9wb-LV-DNP9Fw-oyVxw4HUy8NpI38OqUMRZvlBCyg8,"[1,2,1]",,eBoy,9999999999,2,0,2022/11/11
100303,PHI Chopper DirtRider,https://www.arweave.net/sHnL6JddPaA8sMkrAzAI-zhT7r94SGhvd-XjwYQhaew?ext=png,https://www.arweave.net/AE-EsyWDpX4ZMje5LFoFRlwbisaAl8DqkfLT673vwZo,"[1,2,1]",,eBoy,9999999999,2,0,2022/11/11
100401,Airdrop Helicopter,https://www.arweave.net/UMGYCxgfjzuiMJHhOsY_u15bmKez4GOD7xE4vcG6Rdw?ext=png,https://www.arweave.net/8AubuZTi82le4L4Yeb5AllR9pkzIxZS3WeyEaXD7Pvk,"[1,1,3]",,eBoy,9999999999,2,0,2022/11/11
100501,Moon Rocket,https://www.arweave.net/s1SfE6rup7rb6GVQnzdnTOH6GXLi4ReI5iCwBnuKejo?ext=png,https://www.arweave.net/yG9p8aYaY6PjhleV07uJau0K6HDpZ5lqCijQ01edLvU,"[2,2,3]",,eBoy,9999999999,100,0,2022/11/11
100601,Bitcoin Snowman,https://www.arweave.net/19_btqbGsEvp8M5BTNHHuSqXskkTv4Goo_pAV0VdTYc?ext=png,https://www.arweave.net/siR7on8mZoj7WSxpRdagvYymo90VfDw0PxqMRvimK2M,"[1,1,2]",,eBoy,9999999999,3,0,2022/11/11
100602,Wallet Shop,https://www.arweave.net/7mLhAaMShEV2iP8y34vnI8xxMoBeZ1Bs5AonniibAKM?ext=png,https://www.arweave.net/VGakzPwcMVD_0bSNGB_8FPwwvOAxyFIOeNNlGtfxwbA,"[1,2,3]",,ta2nb,9999999999,6,0,2022/11/11
100603,PHI Snowman Boxy,https://www.arweave.net/JYbsSzC-R2mnFOwHGDpaISjBX0rv__p4J_oe74LVw64?ext=png,https://www.arweave.net/5Fh8VYy-VOqwAInaYtn_KK0p0IbFXaAyfuctREPF82s,"[1,1,2]",,eBoy,9999999999,3,0,2022/11/11
100604,Doge Statue,https://www.arweave.net/7oY-MEjKjPHlQunao9nQ8288d5wwl_4AAHDrIXG99FE?ext=png,https://www.arweave.net/6gyjjcNzxTZxiuj7yVZ5zvIUAVIZFisluhdY54n6bEQ,"[1,1,1]",,ta2nb,9999999999,2,0,2022/11/11
100605,Bull Statue,https://www.arweave.net/XWJj0d4LThkA1YAiu9KZiQA9AWIfot8e6Juaj8kAIjs?ext=png,https://www.arweave.net/D-Npi0SrH0fLtD43mrCMtmiM_BHzeZ4dbR1RfgZQ56s,"[1,2,2]",,ta2nb,9999999999,8,0,2022/11/11
100606,Bitcoin Chess Piece,https://www.arweave.net/8Minqzp8eGSbfh7tW5I87jgDVayTQhU_2RT4eb0XusM?ext=png,https://www.arweave.net/vlcEqHvtofDCcrEGH69I5Pz4awvhfsDD7XbQ1tkWcaI,"[1,1,2]",,eBoy,9999999999,2,0,2022/11/11
100607,Tezos Chess Piece,https://www.arweave.net/cLFpH8eiS7p5-LKFYN-ht_KzPYP82D7pjYb_RmDeb8M?ext=png,https://www.arweave.net/1AFqf9f5pUNvQ8GFhCN0QTFlK983XesvtUTVQVr1Xvw,"[1,1,2]",,eBoy,9999999999,2,0,2022/11/11
100608,Key Chess Piece,https://www.arweave.net/B3e0HBX75RTy5kVTjLEPJ5ThpMDeu5IMbf9L-Kaul5I?ext=png,https://www.arweave.net/xJxtMEwHa4LBGb04sCq9n1KH4-vLk7ku6GB2MnwOvug,"[1,1,2]",,eBoy,9999999999,2,0,2022/11/11
100701,PHI Shrub,https://www.arweave.net/5KWNZWpVyTm6yxtiRVAUL4ZkeAisIzw66qVpXsyU_1k?ext=png,https://www.arweave.net/R-ME9FDV3RWnCdcXr6fQq3DzCn-Pqfil4So0-u3jjRY,"[1,2,1]",,ta2nb,9999999999,2,0,2022/11/11
100801,Sierra Module Chain,https://www.arweave.net/FlFG-2mHOIl5RK3NOcpAKM-E_Tb_tWgFnqWhrnFV8Xo?ext=png,https://www.arweave.net/7u-jC8_QGISQJFsCUds1HYvMgZYFrr996ipj0cWDaY0,"[1,3,2]",,eBoy,9999999999,3,0,2022/11/11
100802,Sierra Module Mine,https://www.arweave.net/CBLfTKi3ITx3f2jDuZ_1lsbSZrvpdJchDhQbP-79NlI?ext=png,https://www.arweave.net/6c3GehYfliQobPP8KuWxtWskjFqyj67Zk_ZIgvSn0FE,"[1,3,3]",,eBoy,9999999999,3,0,2022/11/11
100803,Sierra Module PHILAND,https://www.arweave.net/POJ3UmYgUJp3LrA9BAucQJ8ym-4v9Bb1Lxt-UVTgl3Q?ext=png,https://www.arweave.net/zjQFW6hjFovW5LeKGpHFZR0yT3Zd9RoMwozS2hrNkhE,"[1,3,3]",,eBoy,9999999999,3,0,2022/11/11
100804,Metamask Temple,https://www.arweave.net/O2MdJzpdLBhTBUnGu_NiA0ZefcpYq_82drkQH6OE8uk?ext=png,https://www.arweave.net/dhxWpv5m9qYLGFSADT_FA9MpgTxnoBq2OMd170Hwne0,"[1,2,2]",,ta2nb,9999999999,5,0,2022/11/11
100805,Server Mine,https://www.arweave.net/FQUcRP1G1r0d44ZsddmpsC51aBaDqJZdg_gD_0k_PPw?ext=png,https://www.arweave.net/BgmP_0k24l7ON7HV2negZqfvfQfRe7u1jlkU38bJnok,"[3,2,2]",,ta2nb,9999999999,13,0,2022/11/11
100806,HODL Building,https://www.arweave.net/F2eIo2MXSC-oX39dN2wP6np9jMaMqaLs9tE7b5fsBmI?ext=png,https://www.arweave.net/eV49yqutNAzN65nttiBI-me5TOPJHMyvZ8k4F5NzznE,"[2,1,4]",,eBoy,9999999999,20,0,2022/11/11
100901,Batterie Building Short,https://www.arweave.net/BHKydbRQ-zQfFhVEPCvhrTP4sVCKlzV71f25g7RnCn4?ext=png,https://www.arweave.net/st1hBun-HjtiiItUMyqlOH2_ekituUXrVE0fUAFTrbQ,"[1,1,2]",,eBoy,9999999999,5,0,2022/11/11
100902,Batterie Building,https://www.arweave.net/UOoCY80zQamDeCThVgCjzvhSpCrMP7Q_fe4KzWj4fho?ext=png,https://www.arweave.net/pakLN2tHzSQ1IfejyfSaNjzlvav0ojV5KA4-j4MmcmY,"[2,1,3]",,eBoy,9999999999,20,0,2022/11/11
100903,Big Chip,https://www.arweave.net/K2qxVcOJ-6PzN3KSEH9WFytyJYsYZznOXA_U0A9CeFE?ext=png,https://www.arweave.net/fuT1bcLB1fduc80V_U6NyTMfAI9xLlP7uPoN5hD1KwU,"[4,4,1]",,eBoy,9999999999,40,0,2022/11/11
100904,PHI Labs Bot Squad,https://www.arweave.net/vdwVG0PvWBlQXw4SDb9424qYGLibYFYe2WAXR7z2KyQ?ext=png,https://www.arweave.net/V7qgqbyGpaUq8bpvULZuqzNc1XT2xbMUQpQ3sVBfFKw,"[1,1,1]",,eBoy,9999999999,3,0,2022/11/11
100905,PHI Labs Bot Box,https://www.arweave.net/pHc1RjvavTCj6D3c1D-sZ0pS-5RQVjiu52uMWVk-lbg?ext=png,https://www.arweave.net/VtAeia4m-bqcE1I20VaHO8SxYRBpN1J5RiGtB7FXblU,"[1,1,1]",,eBoy,9999999999,5,0,2022/11/11
100906,PHI Labs Bot Box Transporter,https://www.arweave.net/Hq79R3cOuQFOT5AMHX6qxeesIE_5EmRyvB7pJ85As4M?ext=png,https://www.arweave.net/tWuF7JLILSbbYGCrBKQYpvy9qmkYCg2DCWNWZMpu1nw,"[1,2,1]",,eBoy,9999999999,13,0,2022/11/11
101001,Lunar Rover 1,https://www.arweave.net/XPg5feFRk-E7uIeaICa8ZJDO4GEkXEp-d6VJnTT3x4A?ext=png,https://www.arweave.net/m_gUFCuJGIdYzrADwvuTI8-GroydsTnkCFG2TTgD4Ic,"[1,1,2]",,ta2nb,9999999999,5,0,2023/01/03,5000000000000000000
101002,Lunar Rover 2,https://www.arweave.net/0ZdaY3ez6j8vrlVEJIztw8zpgVD_W7DJtH_GsdbDo2A?ext=png,https://www.arweave.net/uh21GOTjuWd_tpFaiIVbpyt6Csy4bxRZZ94BkDS7Fng,"[1,1,2]",,ta2nb,9999999999,5,0,2023/01/03,5000000000000000000
101003,Space Alien 1,https://www.arweave.net/rXyM8NATH1VO3G5Uco59g4vZAhc1OhZVpNmFqkiQLpA?ext=png,https://www.arweave.net/9FrhgfHrMxLmknC1XYfNVIKZ3lHv6ZE_VT_13PwnrQU,"[1,1,1]",,ta2nb,9999999999,1,0,2023/01/03,1000000000000000000
101004,Space Alien 2,https://www.arweave.net/2iVq91uTrMW7k9iKnbPpYv12XjgmzBtdmCl428Mg-8c?ext=png,https://www.arweave.net/PJOEBT2IzjWSLhuxL2sLmYEUBuDK9gddx84zZ9C-FB8,"[1,1,1]",,ta2nb,9999999999,2,0,2023/01/03,2000000000000000000
101005,Space Alien 3,https://www.arweave.net/CPR_EBy8xNnLn6xcZkKVzRkwUMV-9lgcRHImF9T9dA8?ext=png,https://www.arweave.net/2UaOIE21HpGF6PDHh6lV-gyDTPaUcML6hyIue2-DpGA,"[1,1,1]",,ta2nb,9999999999,3,0,2023/01/03,3000000000000000000
101006,Floating Cloud,https://www.arweave.net/ufT_Dy1NtGnmvPNnN3IwM0In-RnUUs6JNw4eKWIh6KE?ext=png,https://www.arweave.net/DO9fMn7gU_GDtu6kLdLD3cZSWOIJca-xeqBzhwUTM3k,"[1,1,2]",,eBoy,9999999999,2,0,2023/01/03,2000000000000000000
101007,Floating Cubes,https://www.arweave.net/KnR-msEBppPXCZAcYEo87bhs2SjpdEEhjOY3NQ-jaw4?ext=png,https://www.arweave.net/C2Wq6TeWtIuDhJFI6C2VbeFdxSFn8SwkYnK-qvPbsC0,"[1,1,2]",,eBoy,9999999999,2,0,2023/01/03,2000000000000000000
101008,Astronaut,https://www.arweave.net/IMMZVScJMLBnBPr3x626USKAeGFNsiWOAN2IvQ_CKf4?ext=png,https://www.arweave.net/EpKZ5ZJrMK8c2-RT-w_3ChZ-qf6qgkkgzfyKw_y9A5I,"[1,1,1]",,eBoy,9999999999,3,0,2023/01/03,3000000000000000000
101009,Lil Astronauts,https://www.arweave.net/NgDAlGpqhT9ARCPluzp7oIva1k0qp-5y6GTQoDr_h9o?ext=png,https://www.arweave.net/41Wi6vmiAo8qHCW-xeBk3X88nS6chLXJ9vu7yEd5MG8,"[1,1,1]",,eBoy,9999999999,3,0,2023/01/03,3000000000000000000
101010,Moon Crater 1,https://www.arweave.net/wz6a-Go2KpxsX_3ZlWQXQPiM1pmV3DUg9CKeVJfgeP4?ext=png,https://www.arweave.net/6Ykdz2yAs3zL8JWBs_1ws78H6iOUBFO_JbD8QOSg3oU,"[1,1,1]",,eBoy,9999999999,1,0,2023/01/03,1000000000000000000
101011,Moon Crater 2,https://www.arweave.net/ouVUxvaHktsO524sXQz8OWTFzdppgoIlnjNlPg7-rws?ext=png,https://www.arweave.net/fBW4q_UY65mCcw2Wt1h16kDf3Jji_pBQr1RoLgGnpJI,"[1,1,1]",,eBoy,9999999999,1,0,2023/01/03,1000000000000000000
101012,Moon Crater 3,https://www.arweave.net/uiMI3sdM1vbclbwFtKOZA8vWKLDGU0ataiOET93f8hA?ext=png,https://www.arweave.net/hmmKEUTSk3x9fA5uvAVebnWxayUeEnjajQJ9JG5khpg,"[1,1,1]",,eBoy,9999999999,1,0,2023/01/03,1000000000000000000
101101,Stone Fragment,https://www.arweave.net/mM3hTCHU6fpDNLqV6lOfMitILKFCX3tR4RkvlvFreA8?ext=png,https://www.arweave.net/ZE0czs7_NmFvfnbYbstHSeb1HRDpJPzPDBMaRpoi6Dk,"[1,1,1]",Dungeon,eBoy,9999999999,3,0,2022/12/05,3000000000000000000
101102,Bear Stair,https://www.arweave.net/jVmj2cnuVcg08WrPDCySz0Err7WMY1v99YHHSApHpKw?ext=png,https://www.arweave.net/KyHGH6AZiZqT7WxN3gGQMQBf4K_Fsgpqa8Mes175RmA,"[2,1,1]",Dungeon,eBoy,9999999999,5,0,2022/12/05,5000000000000000000
101103,Bull Stair,https://www.arweave.net/aRMiApjMJDaAPQvKVymlLboD5_VrQMDjlRlgxEvCj_I?ext=png,https://www.arweave.net/WhpbiWiGjkgSvLNtURVZVV4agU0TOQ0k4FOsjpwzD_E,"[1,1,2]",Dungeon,eBoy,9999999999,5,0,2022/12/05,5000000000000000000
101104,Stair Back,https://www.arweave.net/66JgBaZjCOno0fwqHh2ueHl_3wdy9CP8tFV8HApT7qI?ext=png,https://www.arweave.net/MNI8Ctwnbrl1TrdDks_2IXW603j6_734_W4Dzrbwfbc,"[1,1,1]",Dungeon,eBoy,9999999999,3,0,2022/12/05,3000000000000000000
101105,Doorframe,https://www.arweave.net/Jwd0mlNh7XoAYC2acTqllXeH-yTcTyAUY4490Fe6sbE?ext=png,https://www.arweave.net/oNizsO5kyjxwio4gdz6I2IHIt8fAXxM_D7RkmPKWrwA,"[1,1,2]",Dungeon,eBoy,9999999999,5,0,2022/12/05,5000000000000000000
101107,Palisades,https://www.arweave.net/p0Qe4pyvl8rjfaQUxmJTh4D11iLtlQo5p4cY3_8BOBs?ext=png,https://www.arweave.net/gN2uEH4cRQCCtfnhCz47RqlszWdWtsqRcDQ5EejfM5U,"[1,1,2]",Dungeon,eBoy,9999999999,3,0,2022/12/05,3000000000000000000
101108,Lava,https://www.arweave.net/4DoZXh7tme9qqq8UDH7cHzvcBr-U-cdJq1DhErs3yQs?ext=png,https://www.arweave.net/4st3riqhFvyn2TSZewvehUCaZjbex6ZqqhAD1pgGNog,"[1,1,1]",Dungeon,eBoy,9999999999,3,0,2022/12/05,3000000000000000000
101109,Jail,https://www.arweave.net/ZufaJ54ANcowVHm0tNo0N2uKqgETMMj69nWlCeSEQHg?ext=png,https://www.arweave.net/omulqGLhmkOMVms8TjV1PEI16dXJ-3eq1gQTuztk_lE,"[1,1,1]",Dungeon,eBoy,9999999999,2,0,2022/12/05,2000000000000000000
101110,Jail Hand,https://www.arweave.net/PdrBY96N-EtmhfAr6Cm8ix8QA2SgXdC7qBlmiUq-hEI?ext=png,https://www.arweave.net/Mk1-G0E7pjdJ7waoPfhR4lDwE3a7RMH27HKtB-6Zouk,"[1,1,1]",Dungeon,eBoy,9999999999,3,0,2022/12/05,3000000000000000000
101111,Jail Ghost,https://www.arweave.net/hRxe7mRlFxyK2UblazMe09U8QHcMk6Kw_f88xYyGqTU?ext=png,https://www.arweave.net/ScrkRAGYOTnWDt6vv8e2Zd2RvW-QhPfyw_Gw_XIhrE0,"[1,1,1]",Dungeon,eBoy,9999999999,3,0,2022/12/05,3000000000000000000
101112,Jail Prisoner,https://www.arweave.net/waUf5cZQtnagfKQmlTKFIk00GmLNyA5q67rMGKKaAnM?ext=png,https://www.arweave.net/QG-NRAaPK-rlhfCjIaVAvVl4c6x3XGzF_i07j8zKvC8,"[1,1,1]",Dungeon,eBoy,9999999999,3,0,2022/12/05,3000000000000000000
101113,Wooden Tower,https://www.arweave.net/iSnaUXSzkebyjS0V0wbF7Vvf4yVqO-PMnBuR4S4xdag?ext=png,https://www.arweave.net/IAgYtDqCic4Xso3fu-gbedMoUsayFoHHdAGM--HfLrQ,"[1,1,3]",Dungeon,eBoy,9999999999,13,0,2022/12/05,13000000000000000000
101114,Church of LOL,https://www.arweave.net/s_ptFrzAOVuwWuU9p6nP6pO0sUfiniOrRMAwZPfYols?ext=png,https://www.arweave.net/YIIEPgC59DBMN2FxLNzN_3pEhV-f-wycjvbC0P0mSQw,"[1,2,4]",Dungeon,eBoy,9999999999,20,0,2022/12/05,20000000000000000000
101201,Crowd Front,https://www.arweave.net/ESNXCjG6oNlbtoA6gEPTTO60QHRJplTkmcVZzEXYLnM?ext=png,https://www.arweave.net/3Ag0rFRSDIbAlEkj85olvtGwSzhlC0N4jB7jtzWjH2g,"[1,1,1]",,eBoy,9999999999,3,0,2023/02/28,3000000000000000000
101202,Dancing Crowd,https://www.arweave.net/a939mBgVhCQaPzeeiczSyBPN4KdpapvCIFjkacIH0cw?ext=png,https://www.arweave.net/hWQdlfWlFZG6UT3YM43z0WQSskmiwXplsmTDDez3vLY,"[1,1,1]",,eBoy,9999999999,3,0,2023/02/28,3000000000000000000
101131,Rug Pull,https://www.arweave.net/bsARvpaOdwoB4Vr3mhEEs-ldAPy5eH_LgDrGg3LISJA?ext=png,https://www.arweave.net/XaKHtvv8B0gvY4cIMKLJgf58wHc89UEp5MchsYJS_j0,"[1,2,1]",Dungeon,eBoy,9999999999,8,0,2022/12/05,8000000000000000000
101301,Retro PC Dotty,https://www.arweave.net/g4xZuZ7EuOwrVfxdp0AuEun4V6pQ-V5OTwDq_hs0hNo?ext=png,https://www.arweave.net/jvLJ2p0p5t_DEDNh4IrgaWMQfBvsrY_EBHXOBKrOItc,"[1,1,1]",,eBoy,9999999999,5,0,2022/12/16,5000000000000000000
101302,Retro PC Keyboard,https://www.arweave.net/johv6_A6Mcc5v80gvEZhCpv2bLFwtsxHymx9vwVLcAY?ext=png,https://www.arweave.net/DeCv17gvXHaYi4iokE-1CIb3lZpkwu4slgszklCmNNQ,"[1,1,1]",,eBoy,9999999999,3,0,2022/12/16,3000000000000000000
101303,Retro Briefcase,https://www.arweave.net/MTb_lEm5YCcOnzubg-4Zr1YFLCKT174dS1JG1uymkbk?ext=png,https://www.arweave.net/0xKN5N_PeXVpScUUB5ki_s9fJ7EiPsnwsOQWRk1uqJY,"[1,1,1]",,eBoy,9999999999,2,0,2022/12/16,2000000000000000000
101304,Retro Folder,https://www.arweave.net/CEBNxBTcsKpVPsPSR-bMtqj2BB7WuTQORYYXe05fDjQ?ext=png,https://www.arweave.net/3Fjp5VYxzScS6XObh7tPUtXVopffGis-L8AcgyXYvfU,"[1,1,1]",,eBoy,9999999999,2,0,2022/12/16,2000000000000000000
101305,Retro Printer,https://www.arweave.net/gRQ8j0w1aOAws8hwwka5ZQ4LkurO3n4oNYP-hXGglq8?ext=png,https://www.arweave.net/bv28YIwW4oKmShaItExTbLa-AVJSqSar3WbqKeZnhfY,"[1,1,1]",,eBoy,9999999999,2,0,2022/12/16,2000000000000000000
101306,Popup Windows,https://www.arweave.net/4rvmSNDhobJgQIi_8Vfw3ktgeo2t8_oGSRzBvIQVgpY?ext=png,https://www.arweave.net/0Jz1BSv7Czj-sQEr85oBZT8xi9GxtG9zedr3aO5mA_g,"[1,1,1]",,eBoy,9999999999,2,0,2022/12/16,2000000000000000000
101307,Cursor Stir,https://www.arweave.net/pgW1zOryI-QwQKoBYwxO6EzfmWXKSfDFOmuW4kZEERo?ext=png,https://www.arweave.net/ztFcFfWwIz-qY8V1vLXE_U_QfJktEottyRp1QQyxLdw,"[2,1,1]",,eBoy,9999999999,5,0,2022/12/16,5000000000000000000
101308,Retro Desk,https://www.arweave.net/2lIt6uKSi4oeo7hUxogu6mRu3GTgvvwkuatzlhM1Lbo?ext=png,https://www.arweave.net/k4AkQkad9XdAw1f-UlVBlTTdCEceWfZx0k6rDijw6rA,"[1,2,1]",,eBoy,9999999999,5,0,2022/12/16,5000000000000000000
101309,Retro Game Building,https://www.arweave.net/wD6pvNUEVcdpBpBLjLrtIfEp8K7g_rUzASo7KBxEvfw?ext=png,https://www.arweave.net/Hi6t6vtdJG8pzm2R4H_0NSTA6m3Mkl5-U8r9lyrCwaU,"[2,1,4]",,eBoy,9999999999,20,0,2022/12/16,20000000000000000000
101310,PHI Capship,https://www.arweave.net/2d-j0wyv7OtU4V2tMHoGqN5GAhuSAl1aZr_tHvOgKp8?ext=png,https://www.arweave.net/Y8SEAu9g0Q2XZdEBn3VSUhQjOUCcqmeh-EfXJfRqjFY,"[2,1,1]",,eBoy,9999999999,8,0,2022/12/16,8000000000000000000
101311,eBoy Capship,https://www.arweave.net/6oI7xGnDNJXwWZMDVPveYhqr4S5gu7M0d9jO1CGEHYs?ext=png,https://www.arweave.net/ha-GWehutMyoPnNla4-HLKd9uLWH_bTDfaqN5LjI2PE,"[3,1,1]",,eBoy,9999999999,8,0,2022/12/16,8000000000000000000
101312,Musicman,https://www.arweave.net/Jo2_dGnL9EVNc6kmTjhBpVfSedJnrRODdYYEISeitv4?ext=png,https://www.arweave.net/rwxN3WqB-qBFLuYlwRPu_iMOwKsMsO_sg0IirFTeZOg,"[1,1,1]",,ta2nb,9999999999,5,0,2022/12/16,5000000000000000000
101401,Glitched Statue,https://www.arweave.net/5qdWdhsKmZ6mnnSa2Sup7HBHYKswVkqYRDUaM848qR0?ext=png,https://www.arweave.net/98akoLY1AH6DaIhybftkovvjgVCGYpCcOs0sxWCvATc,"[1,1,3]",,eBoy,9999999999,5,0,2022/12/23,5000000000000000000
101402,Flying Owl,https://www.arweave.net/bEotiwIqDp2SSZ0UxYJ8Wz5P2UIsxyjYGrVS7TwRVWg?ext=png,https://www.arweave.net/8NIUXRkyZ0RkkUztqWGNbPspj04mWNgbNeuV755n6Ug,"[1,1,1]",,eBoy,9999999999,3,0,2022/12/23,3000000000000000000
101403,DeFi Streetlamp Green,https://www.arweave.net/wtQuAmBvJA--Hw88Jeon_UFKWhEvEmWH4Lc3cMMZZF4?ext=png,https://www.arweave.net/b_9S03AOMXyUKarZNbysR0oDxKlpiLU5uGTbISOhFHE,"[1,1,1]",,eBoy,9999999999,2,0,2022/12/23,2000000000000000000
101404,DeFi Streetlamp Red,https://www.arweave.net/MCs8YrJIKTBc5p_xOY6lC5tpNaSppd5qCMLUL0DmFUk?ext=png,https://www.arweave.net/U6FaxjdIsw1TkQPCMaTCP1dfYNGfCXMxPph6nk1R5To,"[1,1,1]",,eBoy,9999999999,2,0,2022/12/23,2000000000000000000
101405,Cloud of Hope,https://www.arweave.net/YDd4X2dZJgruJo-pYXXdDiffybfKKij5jxykofUuVnc?ext=png,https://www.arweave.net/fK5WeWIDort8b7qU-nJovlJk4Buxbavo09yW4Uqhkvk,"[2,2,1]",,eBoy,9999999999,8,0,2022/12/23,8000000000000000000
101406,Cloud of Doom,https://www.arweave.net/YlXh8fc39cSndS8fk7dwm7VUOmshyS9Kx0UDy7fezqs?ext=png,https://www.arweave.net/JXLck-nfaSU1_FuYPEYLGuZRj8K9CZ9ShiOg9wSMgoA,"[2,2,1]",,eBoy,9999999999,8,0,2022/12/23,8000000000000000000
101407,DeFi Limo Short,https://www.arweave.net/xGa3SKeZCsZI5aHkCiz1TCLUh546e27weIY4WIm_5-s?ext=png,https://www.arweave.net/3JgLuXGJ_GTq6pKYj_wQnRioGD2R1YW6olgNk1oDHTg,"[1,1,1]",,eBoy,9999999999,5,0,2022/12/23,5000000000000000000
101408,DeFi Limo Medium,https://www.arweave.net/mhmE-264ttrJ29y8mdJIuBhE9YrbcrREVJQ2vxoSTLA?ext=png,https://www.arweave.net/p3ptEekLtVx48dvqGPbGf9-pLnk-nyDUgAsnGVElC20,"[1,2,1]",,eBoy,9999999999,13,0,2022/12/23,13000000000000000000
101409,DeFi Limo Medium Backside,https://www.arweave.net/Cd3KoFlJaxDgXeSvMkJEes__wZKKq9f8rdvyCFtMePQ?ext=png,https://www.arweave.net/qIN19KAmpXSKrctPjJ0vZAtDYPtwGbQrYfRoQvVd9G4,"[1,2,1]",,eBoy,9999999999,13,0,2022/12/23,13000000000000000000
101501,Skatepark A,https://www.arweave.net/noFFxUlMPG7jtDMqX9hmSgpuI_C0dT9IWdacRHhCWFg?ext=png,https://www.arweave.net/gJcyYA_zs0KWWcaXB1ELnp2N1y5Vuv83xC77KGqOlT8,"[1,1,1]",Nouns,ta2nb,9999999999,3,0,2023/02/14,3000000000000000000
101502,Skatepark B,https://www.arweave.net/I0VambM233yYU5pNGsyxj1icW128O-NiK4iGuRSRtow?ext=png,https://www.arweave.net/vZHE7hFS4P-M6bCqhgbQDczdqhgoCHKKo9seW-aaFJM,"[1,1,1]",Nouns,ta2nb,9999999999,3,0,2023/02/14,3000000000000000000
101503,Skatepark C,https://www.arweave.net/62asEC-WgHrhqCM--X3y7q-XxXWkjURiySmYAhBhItQ?ext=png,https://www.arweave.net/Sedg-K2XsU2ct0whwdMwFIKIXJuA2tya5TRfRTzYaVE,"[1,1,2]",Nouns,ta2nb,9999999999,3,0,2023/02/14,3000000000000000000
101504,Skatepark D,https://www.arweave.net/Du16Nstkx030ItQs1ySwRr_VBila59Bg7G3H0wXXt4s?ext=png,https://www.arweave.net/XpdXjcOIYWQna0gAC6Cqvunvl2iddhDPhhB-SUrTWI4,"[1,1,2]",Nouns,ta2nb,9999999999,3,0,2023/02/14,3000000000000000000
101505,Skatepark Nouns A,https://www.arweave.net/G8GqUBEmzlTUJfoYaYxn5TgZs0KopitHo--YMPBcn9A?ext=png,https://www.arweave.net/eYQ4T-W2YcVYNAavaAgzDi0U5rEhJjxync-c0KPGjug,"[1,1,2]",Nouns,ta2nb,9999999999,3,0,2023/02/14,3000000000000000000
101506,Skatepark Nouns B,https://www.arweave.net/sWQWMopZ_sx21ekt2S2N449496VBNm4XjzCFKJ1BKkE?ext=png,https://www.arweave.net/kItrqWcWaU4K99Pr-Fkg6uZoV5LTxOy84FLn68pqDSM,"[2,1,1]",Nouns,eBoy,9999999999,3,0,2023/02/14,3000000000000000000
101507,Skatepark Nouns C,https://www.arweave.net/_yRpS-co_9iydRSV8n_jniVQUbe-F01j092Ewmjz0TA?ext=png,https://www.arweave.net/3M01TNYrOqknOImts28YajE3UOKe5uEaOY1LYKRwObM,"[1,1,1]",Nouns,eBoy,9999999999,3,0,2023/02/14,3000000000000000000
101508,Nouns Dotty,https://www.arweave.net/bstck_Uc5PF6pe-vEQ3PiCw7IHvAO9e4puV3lVYEY2M?ext=png,https://www.arweave.net/ZMFFv44Vf-3Y78eohT8eumfpiRRpvMDPPi0k3sw1d5s,"[1,1,1]",Nouns,eBoy,9999999999,5,0,2023/02/14,5000000000000000000
101509,Brick Nouns Dotty,https://www.arweave.net/7u2OOWEp0VT6drAaMMltmnRCGm-7ElJlwMfrf8NmOfY?ext=png,https://www.arweave.net/Tbb-uopEMLNVqQImnfTJflrUayytIacPhz_f83yD9ZQ,"[1,1,1]",Nouns,eBoy,9999999999,5,0,2023/02/14,5000000000000000000
101510,Basketball Nouns,https://www.arweave.net/y96C5scH9iZ96f6ZXNg3fOu85x2JZHCpHgbp5CAPgk4?ext=png,https://www.arweave.net/neFKiAvvy1snDD4rRz3LXMN0F3YFkvihNM1IYiewVxc,"[2,1,3]",Nouns,eBoy,9999999999,7,0,2023/02/14,7000000000000000000
101511,Nouns Statue,https://www.arweave.net/uPclftJ31CtiU1vp0-TwaAUNjmqDYRQyO-6fqmd25D0?ext=png,https://www.arweave.net/lozlYtAUGFloLgxHUt18AmH2LfPcxywOcbR7pQEzrm4,"[1,1,3]",Nouns,eBoy,9999999999,13,0,2023/02/14,13000000000000000000
101512,Doommouse Nouns Circuitboard,https://www.arweave.net/M4c1YprlVCfGYqQSssvNvCSyU0mj87-fCEufhXltk9I?ext=png,https://www.arweave.net/tTBaAGVk4VtfH7XzCQKydTmmMoLJAmaNyzQKlz5RW0w,"[1,1,2]",Nouns,eBoy,9999999999,7,0,2023/02/14,7000000000000000000
101513,Toaster Nouns Circuitboard,https://www.arweave.net/75na57pV6jz-imCfs2YHmT_Ut_72QKhEOIECS9g-UOs?ext=png,https://www.arweave.net/kJURS4fA-Gp02ilglhpoDXXHCJ7-3GEe-TCAfD8I91w,"[1,1,2]",Nouns,eBoy,9999999999,7,0,2023/02/14,7000000000000000000
101514,Nouns Graffiti,https://www.arweave.net/85mIgYepmuLBTAD19pP0j9X1Avt1Tqtp384z0lSovCw?ext=png,https://www.arweave.net/OnZ68LQKwedxAKciK27sE48AX9PlzZZHpc2DbNUIlzM,"[2,1,4]",Nouns,eBoy,9999999999,20,0,2023/02/14,20000000000000000000
101515,Nouns Model-kit,https://www.arweave.net/RKFU03fEaN49OkEWNIsaQdpePeAXuzbl1a5A8HsqXIs?ext=png,https://www.arweave.net/c7dJGyV5xRVuh0Ps5zmRZ5zvq5nexVZPMlmnf0UcLFc,"[2,1,1]",Nouns,eBoy,9999999999,5,0,2023/02/14,5000000000000000000
101516,Nouns Transporter,https://www.arweave.net/9aBLFB9aIBNuraqke8VEU1AyiG3B-8ooBVo9grqi548?ext=png,https://www.arweave.net/fpBWNcPDOgcKk5OnTgVuUa4fg2HRDNjCjvmcSbDPIus,"[1,3,2]",Nouns,eBoy,9999999999,12,0,2023/02/14,12000000000000000000
101601,Phi Go Tower,https://www.arweave.net/xu_7F4b2oqA-d6HMNtuGvVLI_A-mKpAbZQG7VD8dEOM?ext=png,https://www.arweave.net/h3HhaTVDfTuup8GZvVGPUn88qG_EBzYLohWMF9ppQnI,"[2,2,3]",Balancer,eBoy,9999999999,10,0,2023/03/28,10000000000000000000
101602,Black Go Stones,https://www.arweave.net/VyCMar1heatqvBzHkuwz5WcC72K547DatzcMN4_iJq4?ext=png,https://www.arweave.net/0C_eeN8VdZt-RMduMiqQvjxBkzkVv1ZirqEdKv8jUW0,"[2,2,1]",Balancer,eBoy,9999999999,3,0,2023/03/28,3000000000000000000
101603,White Go Stones,https://www.arweave.net/cRgkMenysxD98trveissYV7i3D1IJgcVFFSpNETHWmc?ext=png,https://www.arweave.net/y8JTvBkRsghTG36-im2_qhNny-yy4TBlxCpgtZcR65g,"[2,2,1]",Balancer,eBoy,9999999999,3,0,2023/03/28,3000000000000000000
101604,Cow Black Go Lookout Tower,https://www.arweave.net/MFGuVAGlaD5o3UUjUPRiE0-Njl0QA00A_AADei4B3L4?ext=png,https://www.arweave.net/VBPDG-I_72cwqLRA1JPczFl-Yhrijxt3FlZR4B8cffI,"[1,1,2]",Balancer,eBoy,9999999999,5,0,2023/03/28,5000000000000000000
101605,Cow White Go Lookout Tower,https://www.arweave.net/JHki2Se1J6XfJYaIz4x2gmjDTIRZXqiynechxjkXRAY?ext=png,https://www.arweave.net/UO1IyqBEN4N-NfcWpNrbgoaTf-61PmejLK01lrkuWrc,"[1,1,2]",Balancer,eBoy,9999999999,5,0,2023/03/28,5000000000000000000
101606,Black Go Stone UFO,https://www.arweave.net/BwkvVi7br0cj_54Ll2G7wYiYrgiQroO_rwp7GoTXvpE?ext=png,https://www.arweave.net/12LBGBB8kZ_YB9bDQ5okjabiKcttJbPe9BDd6uxjqYk,"[1,1,3]",Balancer,eBoy,9999999999,5,0,2023/03/28,5000000000000000000
101607,White Go Stone UFO,https://www.arweave.net/TpS__E3ykWr_jKv1qEQG0Pg5ApJaJY9OG6aFwb7cXko?ext=png,https://www.arweave.net/dPzNte7S_FPXT9thgH36Cb2Z0cPZbmKOwdZbe8NGuHk,"[1,1,3]",Balancer,eBoy,9999999999,5,0,2023/03/28,5000000000000000000
101801,WAGMI Track Barrier 1,https://www.arweave.net/Bfw_IiCaN_hDsreEFDvcmg0Yc4oSSxxVy320-RV6-0g?ext=png,https://www.arweave.net/satj26AQWHoEytphW-bKBDweMOXtEiclF0nR5c5xO38,"[1,2,1]",Race Track,eBoy,9999999999,3,0,2023/03/14,3000000000000000000
101802,WAGMI Track Barrier 2,https://www.arweave.net/qMf6Qp3ehhoJGty6berPq2v2Ju0-GX2SiaCGtFFfRr0?ext=png,https://www.arweave.net/n956UchD1fEOFA0OrVAZ7WyJdjfJ2P2XCq19tfp9Cnk,"[1,2,1]",Race Track,eBoy,9999999999,3,0,2023/03/14,3000000000000000000
101803,Backside Race Track Barrier,https://www.arweave.net/-PW6ekUr7O4mYtfvfFZJBrKqIpRnUAupDXUn_8rZwd0?ext=png,https://www.arweave.net/ed6LumydKyw7oIqBKSgkM36bxnj64cQS-y7YCQ33eBk,"[1,2,1]",Race Track,eBoy,9999999999,3,0,2023/03/14,3000000000000000000
101804,Race Track Cone,https://www.arweave.net/0fej9T95hWGCHZLP_nrfM32B2zEfNe01T1KnbYNDHEs?ext=png,https://www.arweave.net/h7KUg2XaHQC2i9K0hNUjNybXBBRqZ7FEKBwhwuXxCcI,"[1,1,1]",Race Track,eBoy,9999999999,1,0,2023/03/14,1000000000000000000
101805,Race Tires,https://www.arweave.net/D26_KnGBaYBUi9j5qAOgWeTRn7ho3zvmz-Xf_nEHjcc?ext=png,https://www.arweave.net/sxNnd56-qECyiYs9eV9k0htexGwPEeGez-pwrLrKim8,"[1,1,1]",Race Track,eBoy,9999999999,1,0,2023/03/14,1000000000000000000
102101,Palm Tree,https://www.arweave.net/zAb-K-A-HuVhYnPq1O9JNFkh33RTC0sEU0-DZkC8uCM?ext=png,https://www.arweave.net/VZO4Q9-RNi9UvRU6nA3XUbOPwdOwsc-o7kfEqYynrYI,"[1,1,4]",Pool Together Omikuji Event,eBoy,999999999,2,0,2023/04/03,2000000000000000000
102102,Pool Surfboards,https://www.arweave.net/_Cdel2PyPYzG85wULVQxKPFKeK3GjdxP5avcUie0Fls?ext=png,https://www.arweave.net/bd23tdwrwFxJCmWLhCf4ngkijEyis5RH0VAF_Psp0b0,"[1,1,1]",Pool Together Omikuji Event,eBoy,500,7,0,2023/04/03,7000000000000000000
102103,Phi Surfboards,https://www.arweave.net/vvyOXIIutOMHA7iiUrPR6SpkfAkbID-xBRcbTkKpaOE?ext=png,https://www.arweave.net/zqCiTwjywASpimZaKYxuNFc-3g82aT4TY0clhSUxkqo,"[1,1,1]",Pool Together Omikuji Event,eBoy,500,7,0,2023/04/03,7000000000000000000
102104,Surfer Dude,https://www.arweave.net/MViitMXypYBb7KUrgoJKcjCAp64wLaA7tWUADTIHmRc?ext=png,https://www.arweave.net/Gxwn88DK3pJxnTaCB62n6NBI8RUfZJBsSozCS3HlLLU,"[1,1,1]",Pool Together Omikuji Event,eBoy,1000,5,0,2023/04/03,5000000000000000000
102105,Birbs Picnic,https://www.arweave.net/ZciMw4ncP9O-ZpIl39HPVJiwCF6Bb1fk_4zii9PqQmY?ext=png,https://www.arweave.net/GA6bs8jBqPSk0D9EwGBX-nG7KrWEnQ4jeY32tNXoOkY,"[1,1,1]",Pool Together Omikuji Event,eBoy,1000,5,0,2023/04/03,5000000000000000000
102106,Beach Umbrella,https://www.arweave.net/yzOJJskVuA0qP65M4443g6ogJiZAdRc4J8A59FkkUO0?ext=png,https://www.arweave.net/4KFt4QBLh9Z4iCz3AS1j6PbrJg2BliE46BKAU26n7V8,"[1,1,1]",Pool Together Omikuji Event,eBoy,1000,5,0,2023/04/03,5000000000000000000
102107,Sand Castle Dotty,https://www.arweave.net/znk2fhr9QotEkmwy1Git1lErTqBfHyTW29u106sFkoo?ext=png,https://www.arweave.net/3OxHmX3hwCi2zb3HPj15DA5p8WI8x9VrHdoGDrLVc40,"[1,1,1]",Pool Together Omikuji Event,eBoy,250,20,0,2023/04/03,20000000000000000000
102108,Beach Bench,https://www.arweave.net/lOtV5Mi_HNpGqXcmAcaqQoPeY8NsPYauXhIQ7GJfeQU?ext=png,https://www.arweave.net/jJ9Za7kZQbPfIR3F_R5J3dwkshRUW5cHKx7b4j3IfUg,"[1,1,1]",Pool Together Omikuji Event,eBoy,999999999,3,0,2023/04/03,3000000000000000000
102109,Beach Boardwalk,https://www.arweave.net/0Ym77HeS1ZQ0_AQLJ7GqPvD71hGePOscp6CjU1iK0b4?ext=png,https://www.arweave.net/3DjrSkVnildU3uqlMB9rrR4GTYriSQntULVJeGvB6O0,"[1,1,1]",Pool Together Omikuji Event,eBoy,999999999,3,0,2023/04/03,3000000000000000000
102110,Floaty,https://www.arweave.net/uIDjPK7_A--K8AmBXT4nP2luA9UHqYUMiEixp9l4BEA?ext=png,https://www.arweave.net/HQ2R-X8lzn4gdVeMtWnx4E-JfY2hqz599mziz-yr7Qs,"[1,1,1]",Pool Together Omikuji Event,eBoy,999999999,2,0,2023/04/03,2000000000000000000
102111,Lifeguard,https://www.arweave.net/G5Bpl8LNFZw5wOUXqE95XvUCMzXYjX34tMtRlksBbwA?ext=png,https://www.arweave.net/cYOK6VI9jCpnIhL4yVuCNz35qi07cp3GE2irRqy5Bkc,"[1,1,2]",Pool Together Omikuji Event,eBoy,500,3,0,2023/04/03,3000000000000000000
